{
  "id": "MAP_ROUTE104_PROTOTYPE_PRETTY_PETAL_FLOWER_SHOP",
  "name": "Route104_PrototypePrettyPetalFlowerShop",
  "layout": "LAYOUT_ROUTE104_PRETTY_PETAL_FLOWER_SHOP",
  "music": "MUS_NEXTROAD",
  "region_map_section": "MAPSEC_ROUTE_104",
  "requires_flash": false,
  "weather": "WEATHER_NONE",
  "map_type": "MAP_TYPE_INDOOR",
  "allow_cycling": false,
  "allow_escaping": false,
  "allow_running": false,
  "show_map_name": true,
  "battle_scene": "MAP_BATTLE_SCENE_NORMAL",
  "connections": null,
  "object_events": [],
  "warp_events": [],
  "coord_events": [],
  "bg_events": []
}
