{
  "id": "MAP_MIRAGE_TOWER_2F",
  "name": "MirageTower_2F",
  "layout": "LAYOUT_MIRAGE_TOWER_2F",
  "music": "MUS_TOZAN",
  "region_map_section": "MAPSEC_MIRAGE_TOWER",
  "requires_flash": false,
  "weather": "WEATHER_NONE",
  "map_type": "MAP_TYPE_UNDERGROUND",
  "allow_cycling": true,
  "allow_escaping": true,
  "allow_running": true,
  "show_map_name": true,
  "battle_scene": "MAP_BATTLE_SCENE_NORMAL",
  "connections": null,
  "object_events": [],
  "warp_events": [
    {
      "x": 18,
      "y": 12,
      "elevation": 3,
      "dest_map": "MAP_MIRAGE_TOWER_3F",
      "dest_warp_id": 0
    },
    {
      "x": 15,
      "y": 2,
      "elevation": 3,
      "dest_map": "MAP_MIRAGE_TOWER_1F",
      "dest_warp_id": 1
    }
  ],
  "coord_events": [],
  "bg_events": []
}
