{
  "id": "MAP_DEWFORD_TOWN_GYM",
  "name": "DewfordTown_Gym",
  "layout": "LAYOUT_DEWFORD_TOWN_GYM",
  "music": "MUS_GIM",
  "region_map_section": "MAPSEC_DEWFORD_TOWN",
  "requires_flash": false,
  "weather": "WEATHER_NONE",
  "map_type": "MAP_TYPE_INDOOR",
  "allow_cycling": false,
  "allow_escaping": false,
  "allow_running": false,
  "show_map_name": false,
  "battle_scene": "MAP_BATTLE_SCENE_GYM",
  "connections": null,
  "object_events": [
    {
      "graphics_id": "OBJ_EVENT_GFX_BRAWLY",
      "x": 4,
      "y": 3,
      "elevation": 0,
      "movement_type": "MOVEMENT_TYPE_FACE_DOWN",
      "movement_range_x": 0,
      "movement_range_y": 0,
      "trainer_type": "TRAINER_TYPE_NONE",
      "trainer_sight_or_berry_tree_id": "0",
      "script": "DewfordTown_Gym_EventScript_Brawly",
      "flag": "0"
    },
    {
      "graphics_id": "OBJ_EVENT_GFX_BLACK_BELT",
      "x": 2,
      "y": 18,
      "elevation": 0,
      "movement_type": "MOVEMENT_TYPE_FACE_UP",
      "movement_range_x": 0,
      "movement_range_y": 0,
      "trainer_type": "TRAINER_TYPE_NORMAL",
      "trainer_sight_or_berry_tree_id": "3",
      "script": "DewfordTown_Gym_EventScript_Takao",
      "flag": "0"
    },
    {
      "graphics_id": "OBJ_EVENT_GFX_GIRL_3",
      "x": 15,
      "y": 3,
      "elevation": 3,
      "movement_type": "MOVEMENT_TYPE_FACE_DOWN",
      "movement_range_x": 0,
      "movement_range_y": 0,
      "trainer_type": "TRAINER_TYPE_NORMAL",
      "trainer_sight_or_berry_tree_id": "3",
      "script": "DewfordTown_Gym_EventScript_Jocelyn",
      "flag": "0"
    },
    {
      "graphics_id": "OBJ_EVENT_GFX_GIRL_3",
      "x": 12,
      "y": 25,
      "elevation": 3,
      "movement_type": "MOVEMENT_TYPE_FACE_UP",
      "movement_range_x": 0,
      "movement_range_y": 0,
      "trainer_type": "TRAINER_TYPE_NORMAL",
      "trainer_sight_or_berry_tree_id": "2",
      "script": "DewfordTown_Gym_EventScript_Laura",
      "flag": "0"
    },
    {
      "graphics_id": "OBJ_EVENT_GFX_MAN_2",
      "x": 5,
      "y": 24,
      "elevation": 3,
      "movement_type": "MOVEMENT_TYPE_FACE_DOWN",
      "movement_range_x": 0,
      "movement_range_y": 0,
      "trainer_type": "TRAINER_TYPE_NONE",
      "trainer_sight_or_berry_tree_id": "0",
      "script": "DewfordTown_Gym_EventScript_GymGuide",
      "flag": "0"
    },
    {
      "graphics_id": "OBJ_EVENT_GFX_BLACK_BELT",
      "x": 7,
      "y": 8,
      "elevation": 1,
      "movement_type": "MOVEMENT_TYPE_FACE_RIGHT",
      "movement_range_x": 1,
      "movement_range_y": 1,
      "trainer_type": "TRAINER_TYPE_NORMAL",
      "trainer_sight_or_berry_tree_id": "3",
      "script": "DewfordTown_Gym_EventScript_Cristian",
      "flag": "0"
    },
    {
      "graphics_id": "OBJ_EVENT_GFX_GIRL_3",
      "x": 16,
      "y": 9,
      "elevation": 3,
      "movement_type": "MOVEMENT_TYPE_FACE_DOWN",
      "movement_range_x": 1,
      "movement_range_y": 1,
      "trainer_type": "TRAINER_TYPE_NORMAL",
      "trainer_sight_or_berry_tree_id": "3",
      "script": "DewfordTown_Gym_EventScript_Lilith",
      "flag": "0"
    },
    {
      "graphics_id": "OBJ_EVENT_GFX_SAILOR",
      "x": 14,
      "y": 12,
      "elevation": 1,
      "movement_type": "MOVEMENT_TYPE_FACE_RIGHT",
      "movement_range_x": 1,
      "movement_range_y": 1,
      "trainer_type": "TRAINER_TYPE_NORMAL",
      "trainer_sight_or_berry_tree_id": "2",
      "script": "DewfordTown_Gym_EventScript_Brenden",
      "flag": "0"
    }
  ],
  "warp_events": [
    {
      "x": 5,
      "y": 27,
      "elevation": 0,
      "dest_map": "MAP_DEWFORD_TOWN",
      "dest_warp_id": 2
    },
    {
      "x": 6,
      "y": 27,
      "elevation": 0,
      "dest_map": "MAP_DEWFORD_TOWN",
      "dest_warp_id": 2
    }
  ],
  "coord_events": [],
  "bg_events": [
    {
      "type": "sign",
      "x": 4,
      "y": 23,
      "elevation": 3,
      "player_facing_dir": "BG_EVENT_PLAYER_FACING_NORTH",
      "script": "DewfordTown_Gym_EventScript_LeftGymStatue"
    },
    {
      "type": "sign",
      "x": 7,
      "y": 23,
      "elevation": 3,
      "player_facing_dir": "BG_EVENT_PLAYER_FACING_NORTH",
      "script": "DewfordTown_Gym_EventScript_RightGymStatue"
    },
    {
      "type": "sign",
      "x": 4,
      "y": 24,
      "elevation": 0,
      "player_facing_dir": "BG_EVENT_PLAYER_FACING_NORTH",
      "script": "DewfordTown_Gym_EventScript_LeftGymStatue"
    },
    {
      "type": "sign",
      "x": 7,
      "y": 24,
      "elevation": 0,
      "player_facing_dir": "BG_EVENT_PLAYER_FACING_NORTH",
      "script": "DewfordTown_Gym_EventScript_RightGymStatue"
    }
  ]
}
