{
  "id": "MAP_CAVE_OF_ORIGIN_UNUSED_RUBY_SAPPHIRE_MAP2",
  "name": "CaveOfOrigin_UnusedRubySapphireMap2",
  "layout": "LAYOUT_CAVE_OF_ORIGIN_UNUSED_RUBY_SAPPHIRE_MAP2",
  "music": "MUS_DAN03",
  "region_map_section": "MAPSEC_CAVE_OF_ORIGIN",
  "requires_flash": true,
  "weather": "WEATHER_FOG_HORIZONTAL",
  "map_type": "MAP_TYPE_UNDERGROUND",
  "allow_cycling": true,
  "allow_escaping": true,
  "allow_running": true,
  "show_map_name": true,
  "battle_scene": "MAP_BATTLE_SCENE_NORMAL",
  "connections": null,
  "object_events": [],
  "warp_events": [
    {
      "x": 5,
      "y": 10,
      "elevation": 3,
      "dest_map": "MAP_CAVE_OF_ORIGIN_UNUSED_RUBY_SAPPHIRE_MAP1",
      "dest_warp_id": 1
    },
    {
      "x": 8,
      "y": 14,
      "elevation": 3,
      "dest_map": "MAP_CAVE_OF_ORIGIN_UNUSED_RUBY_SAPPHIRE_MAP3",
      "dest_warp_id": 0
    }
  ],
  "coord_events": [],
  "bg_events": []
}
