{
  "id": "MAP_LILYCOVE_CITY_LILYCOVE_MUSEUM_2F",
  "name": "LilycoveCity_LilycoveMuseum_2F",
  "layout": "LAYOUT_LILYCOVE_CITY_LILYCOVE_MUSEUM_2F",
  "music": "MUS_BIJYUTU",
  "region_map_section": "MAPSEC_LILYCOVE_CITY",
  "requires_flash": false,
  "weather": "WEATHER_NONE",
  "map_type": "MAP_TYPE_INDOOR",
  "allow_cycling": false,
  "allow_escaping": false,
  "allow_running": false,
  "show_map_name": false,
  "battle_scene": "MAP_BATTLE_SCENE_NORMAL",
  "connections": null,
  "object_events": [
    {
      "graphics_id": "OBJ_EVENT_GFX_GENTLEMAN",
      "x": 10,
      "y": 8,
      "elevation": 3,
      "movement_type": "MOVEMENT_TYPE_FACE_UP",
      "movement_range_x": 0,
      "movement_range_y": 0,
      "trainer_type": "TRAINER_TYPE_NONE",
      "trainer_sight_or_berry_tree_id": "0",
      "script": "LilycoveCity_LilycoveMuseum_2F_EventScript_Curator",
      "flag": "0"
    },
    {
      "graphics_id": "OBJ_EVENT_GFX_GIRL_2",
      "x": 19,
      "y": 10,
      "elevation": 3,
      "movement_type": "MOVEMENT_TYPE_WANDER_AROUND",
      "movement_range_x": 1,
      "movement_range_y": 1,
      "trainer_type": "TRAINER_TYPE_NONE",
      "trainer_sight_or_berry_tree_id": "0",
      "script": "LilycoveCity_LilycoveMuseum_2F_EventScript_Girl",
      "flag": "FLAG_HIDE_LILYCOVE_MUSEUM_PATRON_2"
    },
    {
      "graphics_id": "OBJ_EVENT_GFX_EXPERT_M",
      "x": 7,
      "y": 3,
      "elevation": 3,
      "movement_type": "MOVEMENT_TYPE_WANDER_AROUND",
      "movement_range_x": 1,
      "movement_range_y": 1,
      "trainer_type": "TRAINER_TYPE_NONE",
      "trainer_sight_or_berry_tree_id": "0",
      "script": "LilycoveCity_LilycoveMuseum_2F_EventScript_ExpertM",
      "flag": "FLAG_HIDE_LILYCOVE_MUSEUM_TOURISTS"
    },
    {
      "graphics_id": "OBJ_EVENT_GFX_RICH_BOY",
      "x": 14,
      "y": 6,
      "elevation": 3,
      "movement_type": "MOVEMENT_TYPE_WANDER_AROUND",
      "movement_range_x": 1,
      "movement_range_y": 1,
      "trainer_type": "TRAINER_TYPE_NONE",
      "trainer_sight_or_berry_tree_id": "0",
      "script": "LilycoveCity_LilycoveMuseum_2F_EventScript_RichBoy",
      "flag": "FLAG_HIDE_LILYCOVE_MUSEUM_TOURISTS"
    }
  ],
  "warp_events": [
    {
      "x": 13,
      "y": 1,
      "elevation": 0,
      "dest_map": "MAP_LILYCOVE_CITY_LILYCOVE_MUSEUM_1F",
      "dest_warp_id": 2
    }
  ],
  "coord_events": [],
  "bg_events": [
    {
      "type": "sign",
      "x": 14,
      "y": 10,
      "elevation": 0,
      "player_facing_dir": "BG_EVENT_PLAYER_FACING_ANY",
      "script": "LilycoveCity_LilycoveMuseum_2F_EventScript_CutePainting"
    },
    {
      "type": "sign",
      "x": 15,
      "y": 10,
      "elevation": 0,
      "player_facing_dir": "BG_EVENT_PLAYER_FACING_ANY",
      "script": "LilycoveCity_LilycoveMuseum_2F_EventScript_CutePainting"
    },
    {
      "type": "sign",
      "x": 3,
      "y": 6,
      "elevation": 0,
      "player_facing_dir": "BG_EVENT_PLAYER_FACING_ANY",
      "script": "LilycoveCity_LilycoveMuseum_2F_EventScript_ToughPainting"
    },
    {
      "type": "sign",
      "x": 2,
      "y": 6,
      "elevation": 0,
      "player_facing_dir": "BG_EVENT_PLAYER_FACING_ANY",
      "script": "LilycoveCity_LilycoveMuseum_2F_EventScript_ToughPainting"
    },
    {
      "type": "sign",
      "x": 10,
      "y": 6,
      "elevation": 0,
      "player_facing_dir": "BG_EVENT_PLAYER_FACING_ANY",
      "script": "LilycoveCity_LilycoveMuseum_2F_EventScript_CoolPainting"
    },
    {
      "type": "sign",
      "x": 11,
      "y": 6,
      "elevation": 0,
      "player_facing_dir": "BG_EVENT_PLAYER_FACING_ANY",
      "script": "LilycoveCity_LilycoveMuseum_2F_EventScript_CoolPainting"
    },
    {
      "type": "sign",
      "x": 19,
      "y": 6,
      "elevation": 0,
      "player_facing_dir": "BG_EVENT_PLAYER_FACING_ANY",
      "script": "LilycoveCity_LilycoveMuseum_2F_EventScript_BeautyPainting"
    },
    {
      "type": "sign",
      "x": 18,
      "y": 6,
      "elevation": 0,
      "player_facing_dir": "BG_EVENT_PLAYER_FACING_ANY",
      "script": "LilycoveCity_LilycoveMuseum_2F_EventScript_BeautyPainting"
    },
    {
      "type": "sign",
      "x": 6,
      "y": 10,
      "elevation": 0,
      "player_facing_dir": "BG_EVENT_PLAYER_FACING_ANY",
      "script": "LilycoveCity_LilycoveMuseum_2F_EventScript_SmartPainting"
    },
    {
      "type": "sign",
      "x": 7,
      "y": 10,
      "elevation": 0,
      "player_facing_dir": "BG_EVENT_PLAYER_FACING_ANY",
      "script": "LilycoveCity_LilycoveMuseum_2F_EventScript_SmartPainting"
    },
    {
      "type": "sign",
      "x": 11,
      "y": 2,
      "elevation": 0,
      "player_facing_dir": "BG_EVENT_PLAYER_FACING_ANY",
      "script": "LilycoveCity_LilycoveMuseum_EventScript_BirdSculpture"
    },
    {
      "type": "sign",
      "x": 15,
      "y": 2,
      "elevation": 0,
      "player_facing_dir": "BG_EVENT_PLAYER_FACING_ANY",
      "script": "LilycoveCity_LilycoveMuseum_EventScript_BirdSculpture"
    }
  ]
}
