{
  "id": "MAP_MT_CHIMNEY_CABLE_CAR_STATION",
  "name": "MtChimney_CableCarStation",
  "layout": "LAYOUT_CABLE_CAR_STATION",
  "music": "MUS_DOORO_X1",
  "region_map_section": "MAPSEC_MT_CHIMNEY",
  "requires_flash": false,
  "weather": "WEATHER_NONE",
  "map_type": "MAP_TYPE_INDOOR",
  "allow_cycling": false,
  "allow_escaping": false,
  "allow_running": false,
  "show_map_name": false,
  "battle_scene": "MAP_BATTLE_SCENE_NORMAL",
  "connections": null,
  "object_events": [
    {
      "graphics_id": "OBJ_EVENT_GFX_BEAUTY",
      "x": 6,
      "y": 6,
      "elevation": 3,
      "movement_type": "MOVEMENT_TYPE_FACE_DOWN",
      "movement_range_x": 0,
      "movement_range_y": 0,
      "trainer_type": "TRAINER_TYPE_NONE",
      "trainer_sight_or_berry_tree_id": "0",
      "script": "MtChimney_CableCarStation_EventScript_Attendant",
      "flag": "0"
    },
    {
      "graphics_id": "OBJ_EVENT_GFX_CABLE_CAR",
      "x": 6,
      "y": 3,
      "elevation": 3,
      "movement_type": "MOVEMENT_TYPE_LOOK_AROUND",
      "movement_range_x": 0,
      "movement_range_y": 0,
      "trainer_type": "TRAINER_TYPE_NONE",
      "trainer_sight_or_berry_tree_id": "0",
      "script": "0x0",
      "flag": "0"
    }
  ],
  "warp_events": [
    {
      "x": 6,
      "y": 11,
      "elevation": 0,
      "dest_map": "MAP_MT_CHIMNEY",
      "dest_warp_id": 0
    },
    {
      "x": 7,
      "y": 11,
      "elevation": 0,
      "dest_map": "MAP_MT_CHIMNEY",
      "dest_warp_id": 1
    }
  ],
  "coord_events": [],
  "bg_events": []
}
