{
  "id": "MAP_RUSTBORO_CITY_GYM",
  "name": "RustboroCity_Gym",
  "layout": "LAYOUT_RUSTBORO_CITY_GYM",
  "music": "MUS_GIM",
  "region_map_section": "MAPSEC_RUSTBORO_CITY",
  "requires_flash": false,
  "weather": "WEATHER_NONE",
  "map_type": "MAP_TYPE_INDOOR",
  "allow_cycling": false,
  "allow_escaping": false,
  "allow_running": false,
  "show_map_name": false,
  "battle_scene": "MAP_BATTLE_SCENE_GYM",
  "connections": null,
  "object_events": [
    {
      "graphics_id": "OBJ_EVENT_GFX_ROXANNE",
      "x": 5,
      "y": 2,
      "elevation": 3,
      "movement_type": "MOVEMENT_TYPE_FACE_DOWN",
      "movement_range_x": 0,
      "movement_range_y": 0,
      "trainer_type": "TRAINER_TYPE_NONE",
      "trainer_sight_or_berry_tree_id": "0",
      "script": "RustboroCity_Gym_EventScript_Roxanne",
      "flag": "0"
    },
    {
      "graphics_id": "OBJ_EVENT_GFX_YOUNGSTER",
      "x": 5,
      "y": 13,
      "elevation": 3,
      "movement_type": "MOVEMENT_TYPE_FACE_DOWN",
      "movement_range_x": 0,
      "movement_range_y": 0,
      "trainer_type": "TRAINER_TYPE_NORMAL",
      "trainer_sight_or_berry_tree_id": "2",
      "script": "RustboroCity_Gym_EventScript_Josh",
      "flag": "0"
    },
    {
      "graphics_id": "OBJ_EVENT_GFX_YOUNGSTER",
      "x": 3,
      "y": 9,
      "elevation": 3,
      "movement_type": "MOVEMENT_TYPE_FACE_LEFT",
      "movement_range_x": 0,
      "movement_range_y": 0,
      "trainer_type": "TRAINER_TYPE_NORMAL",
      "trainer_sight_or_berry_tree_id": "3",
      "script": "RustboroCity_Gym_EventScript_Tommy",
      "flag": "0"
    },
    {
      "graphics_id": "OBJ_EVENT_GFX_MAN_2",
      "x": 3,
      "y": 18,
      "elevation": 3,
      "movement_type": "MOVEMENT_TYPE_FACE_DOWN",
      "movement_range_x": 0,
      "movement_range_y": 0,
      "trainer_type": "TRAINER_TYPE_NONE",
      "trainer_sight_or_berry_tree_id": "0",
      "script": "RustboroCity_Gym_EventScript_GymGuide",
      "flag": "0"
    },
    {
      "graphics_id": "OBJ_EVENT_GFX_HIKER",
      "x": 1,
      "y": 6,
      "elevation": 3,
      "movement_type": "MOVEMENT_TYPE_FACE_DOWN",
      "movement_range_x": 1,
      "movement_range_y": 1,
      "trainer_type": "TRAINER_TYPE_NORMAL",
      "trainer_sight_or_berry_tree_id": "3",
      "script": "RustboroCity_Gym_EventScript_Marc",
      "flag": "0"
    }
  ],
  "warp_events": [
    {
      "x": 5,
      "y": 19,
      "elevation": 0,
      "dest_map": "MAP_RUSTBORO_CITY",
      "dest_warp_id": 0
    },
    {
      "x": 6,
      "y": 19,
      "elevation": 0,
      "dest_map": "MAP_RUSTBORO_CITY",
      "dest_warp_id": 0
    }
  ],
  "coord_events": [],
  "bg_events": [
    {
      "type": "sign",
      "x": 2,
      "y": 18,
      "elevation": 0,
      "player_facing_dir": "BG_EVENT_PLAYER_FACING_NORTH",
      "script": "RustboroCity_Gym_EventScript_LeftGymStatue"
    },
    {
      "type": "sign",
      "x": 8,
      "y": 18,
      "elevation": 0,
      "player_facing_dir": "BG_EVENT_PLAYER_FACING_NORTH",
      "script": "RustboroCity_Gym_EventScript_RightGymStatue"
    }
  ]
}
