{
  "id": "MAP_ROUTE127",
  "name": "Route127",
  "layout": "LAYOUT_ROUTE127",
  "music": "MUS_DOORO_X3",
  "region_map_section": "MAPSEC_ROUTE_127",
  "requires_flash": false,
  "weather": "WEATHER_SUNNY",
  "map_type": "MAP_TYPE_OCEAN_ROUTE",
  "allow_cycling": true,
  "allow_escaping": false,
  "allow_running": true,
  "show_map_name": true,
  "battle_scene": "MAP_BATTLE_SCENE_NORMAL",
  "connections": [
    {
      "direction": "up",
      "offset": 0,
      "map": "MAP_MOSSDEEP_CITY"
    },
    {
      "direction": "down",
      "offset": 0,
      "map": "MAP_ROUTE128"
    },
    {
      "direction": "left",
      "offset": 0,
      "map": "MAP_ROUTE126"
    },
    {
      "direction": "dive",
      "offset": 0,
      "map": "MAP_UNDERWATER3"
    }
  ],
  "object_events": [
    {
      "graphics_id": "OBJ_EVENT_GFX_SWIMMER_M",
      "x": 45,
      "y": 42,
      "elevation": 1,
      "movement_type": "MOVEMENT_TYPE_FACE_LEFT_AND_RIGHT",
      "movement_range_x": 0,
      "movement_range_y": 0,
      "trainer_type": "TRAINER_TYPE_NORMAL",
      "trainer_sight_or_berry_tree_id": "2",
      "script": "Route127_EventScript_Camden",
      "flag": "0"
    },
    {
      "graphics_id": "OBJ_EVENT_GFX_SWIMMER_F",
      "x": 18,
      "y": 68,
      "elevation": 1,
      "movement_type": "MOVEMENT_TYPE_FACE_UP_LEFT_AND_RIGHT",
      "movement_range_x": 0,
      "movement_range_y": 0,
      "trainer_type": "TRAINER_TYPE_NORMAL",
      "trainer_sight_or_berry_tree_id": "4",
      "script": "Route127_EventScript_Donny",
      "flag": "0"
    },
    {
      "graphics_id": "OBJ_EVENT_GFX_ITEM_BALL",
      "x": 14,
      "y": 6,
      "elevation": 3,
      "movement_type": "MOVEMENT_TYPE_LOOK_AROUND",
      "movement_range_x": 0,
      "movement_range_y": 0,
      "trainer_type": "TRAINER_TYPE_NONE",
      "trainer_sight_or_berry_tree_id": "0",
      "script": "Route127_EventScript_ItemZinc",
      "flag": "FLAG_ITEM_ROUTE_127_ZINC"
    },
    {
      "graphics_id": "OBJ_EVENT_GFX_ITEM_BALL",
      "x": 64,
      "y": 39,
      "elevation": 3,
      "movement_type": "MOVEMENT_TYPE_LOOK_AROUND",
      "movement_range_x": 0,
      "movement_range_y": 0,
      "trainer_type": "TRAINER_TYPE_NONE",
      "trainer_sight_or_berry_tree_id": "0",
      "script": "Route127_EventScript_ItemCarbos",
      "flag": "FLAG_ITEM_ROUTE_127_CARBOS"
    },
    {
      "graphics_id": "OBJ_EVENT_GFX_FISHERMAN",
      "x": 42,
      "y": 21,
      "elevation": 3,
      "movement_type": "MOVEMENT_TYPE_FACE_LEFT",
      "movement_range_x": 1,
      "movement_range_y": 1,
      "trainer_type": "TRAINER_TYPE_NORMAL",
      "trainer_sight_or_berry_tree_id": "0",
      "script": "Route127_EventScript_Jonah",
      "flag": "0"
    },
    {
      "graphics_id": "OBJ_EVENT_GFX_FISHERMAN",
      "x": 64,
      "y": 19,
      "elevation": 3,
      "movement_type": "MOVEMENT_TYPE_FACE_RIGHT",
      "movement_range_x": 1,
      "movement_range_y": 1,
      "trainer_type": "TRAINER_TYPE_NORMAL",
      "trainer_sight_or_berry_tree_id": "0",
      "script": "Route127_EventScript_Roger",
      "flag": "0"
    },
    {
      "graphics_id": "OBJ_EVENT_GFX_FISHERMAN",
      "x": 54,
      "y": 14,
      "elevation": 3,
      "movement_type": "MOVEMENT_TYPE_FACE_UP",
      "movement_range_x": 1,
      "movement_range_y": 1,
      "trainer_type": "TRAINER_TYPE_NORMAL",
      "trainer_sight_or_berry_tree_id": "0",
      "script": "Route127_EventScript_Henry",
      "flag": "0"
    },
    {
      "graphics_id": "OBJ_EVENT_GFX_MAN_5",
      "x": 15,
      "y": 23,
      "elevation": 3,
      "movement_type": "MOVEMENT_TYPE_FACE_LEFT",
      "movement_range_x": 1,
      "movement_range_y": 1,
      "trainer_type": "TRAINER_TYPE_NORMAL",
      "trainer_sight_or_berry_tree_id": "2",
      "script": "Route127_EventScript_Aidan",
      "flag": "0"
    },
    {
      "graphics_id": "OBJ_EVENT_GFX_BLACK_BELT",
      "x": 63,
      "y": 63,
      "elevation": 3,
      "movement_type": "MOVEMENT_TYPE_LOOK_AROUND",
      "movement_range_x": 1,
      "movement_range_y": 1,
      "trainer_type": "TRAINER_TYPE_NORMAL",
      "trainer_sight_or_berry_tree_id": "3",
      "script": "Route127_EventScript_Koji",
      "flag": "0"
    },
    {
      "graphics_id": "OBJ_EVENT_GFX_WOMAN_5",
      "x": 12,
      "y": 23,
      "elevation": 3,
      "movement_type": "MOVEMENT_TYPE_FACE_RIGHT",
      "movement_range_x": 1,
      "movement_range_y": 1,
      "trainer_type": "TRAINER_TYPE_NORMAL",
      "trainer_sight_or_berry_tree_id": "2",
      "script": "Route127_EventScript_Athena",
      "flag": "0"
    },
    {
      "graphics_id": "OBJ_EVENT_GFX_ITEM_BALL",
      "x": 13,
      "y": 20,
      "elevation": 3,
      "movement_type": "MOVEMENT_TYPE_LOOK_AROUND",
      "movement_range_x": 0,
      "movement_range_y": 0,
      "trainer_type": "TRAINER_TYPE_NONE",
      "trainer_sight_or_berry_tree_id": "0",
      "script": "Route127_EventScript_ItemRareCandy",
      "flag": "FLAG_ITEM_ROUTE_127_RARE_CANDY"
    }
  ],
  "warp_events": [],
  "coord_events": [],
  "bg_events": [
    {
      "type": "secret_base",
      "x": 59,
      "y": 67,
      "elevation": 0,
      "secret_base_id": "SECRET_BASE_RED_CAVE4_1"
    },
    {
      "type": "secret_base",
      "x": 59,
      "y": 72,
      "elevation": 0,
      "secret_base_id": "SECRET_BASE_YELLOW_CAVE3_2"
    },
    {
      "type": "secret_base",
      "x": 67,
      "y": 63,
      "elevation": 0,
      "secret_base_id": "SECRET_BASE_YELLOW_CAVE4_1"
    },
    {
      "type": "secret_base",
      "x": 61,
      "y": 21,
      "elevation": 0,
      "secret_base_id": "SECRET_BASE_YELLOW_CAVE3_3"
    },
    {
      "type": "secret_base",
      "x": 45,
      "y": 24,
      "elevation": 0,
      "secret_base_id": "SECRET_BASE_YELLOW_CAVE1_3"
    }
  ]
}
