{
  "id": "MAP_RUSTBORO_CITY_CUTTERS_HOUSE",
  "name": "RustboroCity_CuttersHouse",
  "layout": "LAYOUT_RUSTBORO_CITY_CUTTERS_HOUSE",
  "music": "MUS_GOTOWN",
  "region_map_section": "MAPSEC_RUSTBORO_CITY",
  "requires_flash": false,
  "weather": "WEATHER_NONE",
  "map_type": "MAP_TYPE_INDOOR",
  "allow_cycling": false,
  "allow_escaping": false,
  "allow_running": false,
  "show_map_name": false,
  "battle_scene": "MAP_BATTLE_SCENE_NORMAL",
  "connections": null,
  "object_events": [
    {
      "graphics_id": "OBJ_EVENT_GFX_POKEFAN_M",
      "x": 7,
      "y": 5,
      "elevation": 3,
      "movement_type": "MOVEMENT_TYPE_FACE_RIGHT",
      "movement_range_x": 0,
      "movement_range_y": 0,
      "trainer_type": "TRAINER_TYPE_NONE",
      "trainer_sight_or_berry_tree_id": "0",
      "script": "RustboroCity_CuttersHouse_EventScript_Cutter",
      "flag": "0"
    },
    {
      "graphics_id": "OBJ_EVENT_GFX_LASS",
      "x": 9,
      "y": 2,
      "elevation": 3,
      "movement_type": "MOVEMENT_TYPE_WANDER_LEFT_AND_RIGHT",
      "movement_range_x": 1,
      "movement_range_y": 0,
      "trainer_type": "TRAINER_TYPE_NONE",
      "trainer_sight_or_berry_tree_id": "0",
      "script": "RustboroCity_CuttersHouse_EventScript_Lass",
      "flag": "0"
    }
  ],
  "warp_events": [
    {
      "x": 5,
      "y": 8,
      "elevation": 0,
      "dest_map": "MAP_RUSTBORO_CITY",
      "dest_warp_id": 8
    },
    {
      "x": 6,
      "y": 8,
      "elevation": 0,
      "dest_map": "MAP_RUSTBORO_CITY",
      "dest_warp_id": 8
    }
  ],
  "coord_events": [],
  "bg_events": []
}
