{
  "id": "MAP_ROUTE107",
  "name": "Route107",
  "layout": "LAYOUT_ROUTE107",
  "music": "MUS_NEXTROAD",
  "region_map_section": "MAPSEC_ROUTE_107",
  "requires_flash": false,
  "weather": "WEATHER_SUNNY",
  "map_type": "MAP_TYPE_ROUTE",
  "allow_cycling": true,
  "allow_escaping": false,
  "allow_running": true,
  "show_map_name": true,
  "battle_scene": "MAP_BATTLE_SCENE_NORMAL",
  "connections": [
    {
      "direction": "left",
      "offset": 0,
      "map": "MAP_DEWFORD_TOWN"
    },
    {
      "direction": "right",
      "offset": 0,
      "map": "MAP_ROUTE108"
    }
  ],
  "object_events": [
    {
      "graphics_id": "OBJ_EVENT_GFX_SWIMMER_M",
      "x": 41,
      "y": 10,
      "elevation": 1,
      "movement_type": "MOVEMENT_TYPE_ROTATE_CLOCKWISE",
      "movement_range_x": 1,
      "movement_range_y": 1,
      "trainer_type": "TRAINER_TYPE_NORMAL",
      "trainer_sight_or_berry_tree_id": "3",
      "script": "Route107_EventScript_Darrin",
      "flag": "0"
    },
    {
      "graphics_id": "OBJ_EVENT_GFX_SWIMMER_M",
      "x": 23,
      "y": 11,
      "elevation": 1,
      "movement_type": "MOVEMENT_TYPE_WALK_SEQUENCE_RIGHT_DOWN_LEFT_UP",
      "movement_range_x": 6,
      "movement_range_y": 2,
      "trainer_type": "TRAINER_TYPE_NORMAL",
      "trainer_sight_or_berry_tree_id": "2",
      "script": "Route107_EventScript_Tony",
      "flag": "0"
    },
    {
      "graphics_id": "OBJ_EVENT_GFX_SWIMMER_F",
      "x": 16,
      "y": 7,
      "elevation": 1,
      "movement_type": "MOVEMENT_TYPE_FACE_DOWN_AND_UP",
      "movement_range_x": 0,
      "movement_range_y": 0,
      "trainer_type": "TRAINER_TYPE_NORMAL",
      "trainer_sight_or_berry_tree_id": "5",
      "script": "Route107_EventScript_Denise",
      "flag": "0"
    },
    {
      "graphics_id": "OBJ_EVENT_GFX_SWIMMER_F",
      "x": 50,
      "y": 11,
      "elevation": 1,
      "movement_type": "MOVEMENT_TYPE_WALK_IN_PLACE_UP",
      "movement_range_x": 1,
      "movement_range_y": 1,
      "trainer_type": "TRAINER_TYPE_NORMAL",
      "trainer_sight_or_berry_tree_id": "5",
      "script": "Route107_EventScript_Beth",
      "flag": "0"
    },
    {
      "graphics_id": "OBJ_EVENT_GFX_SWIMMER_F",
      "x": 33,
      "y": 4,
      "elevation": 1,
      "movement_type": "MOVEMENT_TYPE_FACE_DOWN",
      "movement_range_x": 1,
      "movement_range_y": 1,
      "trainer_type": "TRAINER_TYPE_NORMAL",
      "trainer_sight_or_berry_tree_id": "1",
      "script": "Route107_EventScript_Lisa",
      "flag": "0"
    },
    {
      "graphics_id": "OBJ_EVENT_GFX_TUBER_M_SWIMMING",
      "x": 32,
      "y": 4,
      "elevation": 1,
      "movement_type": "MOVEMENT_TYPE_FACE_DOWN",
      "movement_range_x": 1,
      "movement_range_y": 1,
      "trainer_type": "TRAINER_TYPE_NORMAL",
      "trainer_sight_or_berry_tree_id": "1",
      "script": "Route107_EventScript_Ray",
      "flag": "0"
    },
    {
      "graphics_id": "OBJ_EVENT_GFX_SWIMMER_M",
      "x": 50,
      "y": 5,
      "elevation": 1,
      "movement_type": "MOVEMENT_TYPE_WALK_IN_PLACE_DOWN",
      "movement_range_x": 1,
      "movement_range_y": 1,
      "trainer_type": "TRAINER_TYPE_NORMAL",
      "trainer_sight_or_berry_tree_id": "5",
      "script": "Route107_EventScript_Camron",
      "flag": "0"
    }
  ],
  "warp_events": [],
  "coord_events": [],
  "bg_events": []
}
