{
  "id": "MAP_CAVE_OF_ORIGIN_ENTRANCE",
  "name": "CaveOfOrigin_Entrance",
  "layout": "LAYOUT_CAVE_OF_ORIGIN_ENTRANCE",
  "music": "MUS_DAN03",
  "region_map_section": "MAPSEC_CAVE_OF_ORIGIN",
  "requires_flash": false,
  "weather": "WEATHER_NONE",
  "map_type": "MAP_TYPE_UNDERGROUND",
  "allow_cycling": true,
  "allow_escaping": true,
  "allow_running": true,
  "show_map_name": true,
  "battle_scene": "MAP_BATTLE_SCENE_NORMAL",
  "connections": null,
  "object_events": [],
  "warp_events": [
    {
      "x": 9,
      "y": 20,
      "elevation": 3,
      "dest_map": "MAP_SOOTOPOLIS_CITY",
      "dest_warp_id": 3
    },
    {
      "x": 9,
      "y": 5,
      "elevation": 3,
      "dest_map": "MAP_CAVE_OF_ORIGIN_1F",
      "dest_warp_id": 0
    }
  ],
  "coord_events": [],
  "bg_events": []
}
