{
  "id": "MAP_MAGMA_HIDEOUT_3F_2R",
  "name": "MagmaHideout_3F_2R",
  "layout": "LAYOUT_MAGMA_HIDEOUT_3F_2R",
  "music": "MUS_AJITO",
  "region_map_section": "MAPSEC_MAGMA_HIDEOUT",
  "requires_flash": false,
  "weather": "WEATHER_NONE",
  "map_type": "MAP_TYPE_UNDERGROUND",
  "allow_cycling": true,
  "allow_escaping": true,
  "allow_running": true,
  "show_map_name": true,
  "battle_scene": "MAP_BATTLE_SCENE_NORMAL",
  "connections": null,
  "object_events": [
    {
      "graphics_id": "OBJ_EVENT_GFX_MAGMA_MEMBER_M",
      "x": 16,
      "y": 3,
      "elevation": 0,
      "movement_type": "MOVEMENT_TYPE_FACE_DOWN_AND_LEFT",
      "movement_range_x": 1,
      "movement_range_y": 1,
      "trainer_type": "TRAINER_TYPE_NORMAL",
      "trainer_sight_or_berry_tree_id": "3",
      "script": "MagmaHideout_3F_2R_EventScript_Grunt10",
      "flag": "FLAG_HIDE_MAGMA_HIDEOUT_GRUNTS"
    },
    {
      "graphics_id": "OBJ_EVENT_GFX_ITEM_BALL",
      "x": 5,
      "y": 9,
      "elevation": 0,
      "movement_type": "MOVEMENT_TYPE_LOOK_AROUND",
      "movement_range_x": 1,
      "movement_range_y": 1,
      "trainer_type": "TRAINER_TYPE_NONE",
      "trainer_sight_or_berry_tree_id": "0",
      "script": "MagmaHideout_3F_2R_EventScript_ItemPPMax",
      "flag": "FLAG_ITEM_MAGMA_HIDEOUT_3F_2R_PP_MAX"
    }
  ],
  "warp_events": [
    {
      "x": 12,
      "y": 15,
      "elevation": 0,
      "dest_map": "MAP_MAGMA_HIDEOUT_3F_1R",
      "dest_warp_id": 1
    }
  ],
  "coord_events": [],
  "bg_events": []
}
