{
  "id": "MAP_MAUVILLE_CITY_HOUSE2",
  "name": "MauvilleCity_House2",
  "layout": "LAYOUT_HOUSE1",
  "music": "MUS_GOTOWN",
  "region_map_section": "MAPSEC_MAUVILLE_CITY",
  "requires_flash": false,
  "weather": "WEATHER_NONE",
  "map_type": "MAP_TYPE_INDOOR",
  "allow_cycling": false,
  "allow_escaping": false,
  "allow_running": false,
  "show_map_name": false,
  "battle_scene": "MAP_BATTLE_SCENE_NORMAL",
  "connections": null,
  "object_events": [
    {
      "graphics_id": "OBJ_EVENT_GFX_WOMAN_3",
      "x": 4,
      "y": 5,
      "elevation": 3,
      "movement_type": "MOVEMENT_TYPE_FACE_LEFT",
      "movement_range_x": 0,
      "movement_range_y": 0,
      "trainer_type": "TRAINER_TYPE_NONE",
      "trainer_sight_or_berry_tree_id": "0",
      "script": "MauvilleCity_House2_EventScript_Woman",
      "flag": "0"
    }
  ],
  "warp_events": [
    {
      "x": 3,
      "y": 8,
      "elevation": 0,
      "dest_map": "MAP_MAUVILLE_CITY",
      "dest_warp_id": 6
    },
    {
      "x": 4,
      "y": 8,
      "elevation": 0,
      "dest_map": "MAP_MAUVILLE_CITY",
      "dest_warp_id": 6
    }
  ],
  "coord_events": [],
  "bg_events": []
}
