{
  "id": "MAP_LILYCOVE_CITY_DEPARTMENT_STORE_ELEVATOR",
  "name": "LilycoveCity_DepartmentStoreElevator",
  "layout": "LAYOUT_LILYCOVE_CITY_DEPARTMENT_STORE_ELEVATOR",
  "music": "MUS_MINAMO",
  "region_map_section": "MAPSEC_LILYCOVE_CITY",
  "requires_flash": false,
  "weather": "WEATHER_NONE",
  "map_type": "MAP_TYPE_INDOOR",
  "allow_cycling": false,
  "allow_escaping": false,
  "allow_running": false,
  "show_map_name": false,
  "battle_scene": "MAP_BATTLE_SCENE_NORMAL",
  "connections": null,
  "object_events": [
    {
      "graphics_id": "OBJ_EVENT_GFX_TEALA",
      "x": 0,
      "y": 5,
      "elevation": 3,
      "movement_type": "MOVEMENT_TYPE_FACE_DOWN",
      "movement_range_x": 0,
      "movement_range_y": 0,
      "trainer_type": "TRAINER_TYPE_NONE",
      "trainer_sight_or_berry_tree_id": "0",
      "script": "LilycoveCity_DepartmentStoreElevator_EventScript_Attendant",
      "flag": "0"
    }
  ],
  "warp_events": [
    {
      "x": 1,
      "y": 5,
      "elevation": 3,
      "dest_map": "MAP_NONE",
      "dest_warp_id": 127
    },
    {
      "x": 2,
      "y": 5,
      "elevation": 3,
      "dest_map": "MAP_NONE",
      "dest_warp_id": 127
    }
  ],
  "coord_events": [],
  "bg_events": []
}
