{
  "id": "MAP_ROUTE110_TRICK_HOUSE_PUZZLE3",
  "name": "Route110_TrickHousePuzzle3",
  "layout": "LAYOUT_ROUTE110_TRICK_HOUSE_PUZZLE3",
  "music": "MUS_KARAKURI",
  "region_map_section": "MAPSEC_ROUTE_110",
  "requires_flash": false,
  "weather": "WEATHER_NONE",
  "map_type": "MAP_TYPE_INDOOR",
  "allow_cycling": false,
  "allow_escaping": false,
  "allow_running": false,
  "show_map_name": false,
  "battle_scene": "MAP_BATTLE_SCENE_NORMAL",
  "connections": null,
  "object_events": [
    {
      "graphics_id": "OBJ_EVENT_GFX_CAMPER",
      "x": 7,
      "y": 19,
      "elevation": 3,
      "movement_type": "MOVEMENT_TYPE_FACE_DOWN",
      "movement_range_x": 0,
      "movement_range_y": 0,
      "trainer_type": "TRAINER_TYPE_NORMAL",
      "trainer_sight_or_berry_tree_id": "2",
      "script": "Route110_TrickHousePuzzle3_EventScript_Justin",
      "flag": "0"
    },
    {
      "graphics_id": "OBJ_EVENT_GFX_PICNICKER",
      "x": 4,
      "y": 4,
      "elevation": 3,
      "movement_type": "MOVEMENT_TYPE_FACE_RIGHT",
      "movement_range_x": 0,
      "movement_range_y": 0,
      "trainer_type": "TRAINER_TYPE_NORMAL",
      "trainer_sight_or_berry_tree_id": "1",
      "script": "Route110_TrickHousePuzzle3_EventScript_Martha",
      "flag": "0"
    },
    {
      "graphics_id": "OBJ_EVENT_GFX_HIKER",
      "x": 10,
      "y": 10,
      "elevation": 3,
      "movement_type": "MOVEMENT_TYPE_FACE_DOWN",
      "movement_range_x": 0,
      "movement_range_y": 0,
      "trainer_type": "TRAINER_TYPE_NORMAL",
      "trainer_sight_or_berry_tree_id": "1",
      "script": "Route110_TrickHousePuzzle3_EventScript_Alan",
      "flag": "0"
    },
    {
      "graphics_id": "OBJ_EVENT_GFX_ITEM_BALL",
      "x": 1,
      "y": 2,
      "elevation": 3,
      "movement_type": "MOVEMENT_TYPE_LOOK_AROUND",
      "movement_range_x": 0,
      "movement_range_y": 0,
      "trainer_type": "TRAINER_TYPE_NONE",
      "trainer_sight_or_berry_tree_id": "0",
      "script": "Route110_TrickHousePuzzle3_EventScript_ItemWoodMail",
      "flag": "FLAG_ITEM_TRICK_HOUSE_PUZZLE_3_WOOD_MAIL"
    },
    {
      "graphics_id": "OBJ_EVENT_GFX_ITEM_BALL",
      "x": 4,
      "y": 2,
      "elevation": 3,
      "movement_type": "MOVEMENT_TYPE_LOOK_AROUND",
      "movement_range_x": 0,
      "movement_range_y": 0,
      "trainer_type": "TRAINER_TYPE_NONE",
      "trainer_sight_or_berry_tree_id": "0",
      "script": "Route110_TrickHousePuzzle3_EventScript_ItemShadowMail",
      "flag": "FLAG_ITEM_TRICK_HOUSE_PUZZLE_3_SHADOW_MAIL"
    },
    {
      "graphics_id": "OBJ_EVENT_GFX_BREAKABLE_ROCK",
      "x": 1,
      "y": 20,
      "elevation": 3,
      "movement_type": "MOVEMENT_TYPE_LOOK_AROUND",
      "movement_range_x": 1,
      "movement_range_y": 1,
      "trainer_type": "TRAINER_TYPE_NONE",
      "trainer_sight_or_berry_tree_id": "0",
      "script": "EventScript_RockSmash",
      "flag": "FLAG_TEMP_15"
    },
    {
      "graphics_id": "OBJ_EVENT_GFX_BREAKABLE_ROCK",
      "x": 2,
      "y": 21,
      "elevation": 3,
      "movement_type": "MOVEMENT_TYPE_LOOK_AROUND",
      "movement_range_x": 1,
      "movement_range_y": 1,
      "trainer_type": "TRAINER_TYPE_NONE",
      "trainer_sight_or_berry_tree_id": "0",
      "script": "EventScript_RockSmash",
      "flag": "FLAG_TEMP_16"
    }
  ],
  "warp_events": [
    {
      "x": 0,
      "y": 21,
      "elevation": 3,
      "dest_map": "MAP_ROUTE110_TRICK_HOUSE_ENTRANCE",
      "dest_warp_id": 2
    },
    {
      "x": 1,
      "y": 21,
      "elevation": 3,
      "dest_map": "MAP_ROUTE110_TRICK_HOUSE_ENTRANCE",
      "dest_warp_id": 2
    },
    {
      "x": 13,
      "y": 1,
      "elevation": 3,
      "dest_map": "MAP_ROUTE110_TRICK_HOUSE_END",
      "dest_warp_id": 0
    }
  ],
  "coord_events": [
    {
      "type": "trigger",
      "x": 4,
      "y": 14,
      "elevation": 3,
      "var": "VAR_TEMP_1",
      "var_value": "0",
      "script": "Route110_TrickHousePuzzle3_EventScript_Button1"
    },
    {
      "type": "trigger",
      "x": 3,
      "y": 11,
      "elevation": 3,
      "var": "VAR_TEMP_2",
      "var_value": "0",
      "script": "Route110_TrickHousePuzzle3_EventScript_Button2"
    },
    {
      "type": "trigger",
      "x": 12,
      "y": 5,
      "elevation": 3,
      "var": "VAR_TEMP_3",
      "var_value": "0",
      "script": "Route110_TrickHousePuzzle3_EventScript_Button3"
    },
    {
      "type": "trigger",
      "x": 8,
      "y": 2,
      "elevation": 3,
      "var": "VAR_TEMP_4",
      "var_value": "0",
      "script": "Route110_TrickHousePuzzle3_EventScript_Button4"
    }
  ],
  "bg_events": [
    {
      "type": "sign",
      "x": 0,
      "y": 14,
      "elevation": 0,
      "player_facing_dir": "BG_EVENT_PLAYER_FACING_ANY",
      "script": "Route110_TrickHousePuzzle3_EventScript_Scroll"
    }
  ]
}
