{
  "id": "MAP_LILYCOVE_CITY_DEPARTMENT_STORE_5F",
  "name": "LilycoveCity_DepartmentStore_5F",
  "layout": "LAYOUT_LILYCOVE_CITY_DEPARTMENT_STORE_5F",
  "music": "MUS_FRIENDLY",
  "region_map_section": "MAPSEC_LILYCOVE_CITY",
  "requires_flash": false,
  "weather": "WEATHER_NONE",
  "map_type": "MAP_TYPE_INDOOR",
  "allow_cycling": false,
  "allow_escaping": false,
  "allow_running": false,
  "show_map_name": false,
  "battle_scene": "MAP_BATTLE_SCENE_NORMAL",
  "connections": null,
  "object_events": [
    {
      "graphics_id": "OBJ_EVENT_GFX_LITTLE_GIRL",
      "x": 1,
      "y": 6,
      "elevation": 3,
      "movement_type": "MOVEMENT_TYPE_WANDER_AROUND",
      "movement_range_x": 1,
      "movement_range_y": 1,
      "trainer_type": "TRAINER_TYPE_NONE",
      "trainer_sight_or_berry_tree_id": "0",
      "script": "LilycoveCity_DepartmentStore_5F_EventScript_LittleGirl",
      "flag": "0"
    },
    {
      "graphics_id": "OBJ_EVENT_GFX_POKEFAN_F",
      "x": 7,
      "y": 7,
      "elevation": 3,
      "movement_type": "MOVEMENT_TYPE_FACE_DOWN_AND_LEFT",
      "movement_range_x": 1,
      "movement_range_y": 1,
      "trainer_type": "TRAINER_TYPE_NONE",
      "trainer_sight_or_berry_tree_id": "0",
      "script": "LilycoveCity_DepartmentStore_5F_EventScript_PokefanF",
      "flag": "0"
    },
    {
      "graphics_id": "OBJ_EVENT_GFX_WOMAN_3",
      "x": 7,
      "y": 2,
      "elevation": 3,
      "movement_type": "MOVEMENT_TYPE_FACE_DOWN",
      "movement_range_x": 0,
      "movement_range_y": 0,
      "trainer_type": "TRAINER_TYPE_NONE",
      "trainer_sight_or_berry_tree_id": "0",
      "script": "LilycoveCity_DepartmentStore_5F_EventScript_ClerkFarLeft",
      "flag": "0"
    },
    {
      "graphics_id": "OBJ_EVENT_GFX_WOMAN_3",
      "x": 9,
      "y": 2,
      "elevation": 3,
      "movement_type": "MOVEMENT_TYPE_FACE_DOWN",
      "movement_range_x": 0,
      "movement_range_y": 0,
      "trainer_type": "TRAINER_TYPE_NONE",
      "trainer_sight_or_berry_tree_id": "0",
      "script": "LilycoveCity_DepartmentStore_5F_EventScript_ClerkMidLeft",
      "flag": "0"
    },
    {
      "graphics_id": "OBJ_EVENT_GFX_WOMAN_3",
      "x": 15,
      "y": 6,
      "elevation": 3,
      "movement_type": "MOVEMENT_TYPE_FACE_LEFT",
      "movement_range_x": 0,
      "movement_range_y": 0,
      "trainer_type": "TRAINER_TYPE_NONE",
      "trainer_sight_or_berry_tree_id": "0",
      "script": "LilycoveCity_DepartmentStore_5F_EventScript_ClerkMidRight",
      "flag": "0"
    },
    {
      "graphics_id": "OBJ_EVENT_GFX_WOMAN_3",
      "x": 17,
      "y": 6,
      "elevation": 3,
      "movement_type": "MOVEMENT_TYPE_FACE_UP",
      "movement_range_x": 0,
      "movement_range_y": 0,
      "trainer_type": "TRAINER_TYPE_NONE",
      "trainer_sight_or_berry_tree_id": "0",
      "script": "LilycoveCity_DepartmentStore_5F_EventScript_ClerkFarRight",
      "flag": "0"
    },
    {
      "graphics_id": "OBJ_EVENT_GFX_WOMAN_2",
      "x": 9,
      "y": 5,
      "elevation": 3,
      "movement_type": "MOVEMENT_TYPE_FACE_RIGHT",
      "movement_range_x": 1,
      "movement_range_y": 1,
      "trainer_type": "TRAINER_TYPE_NONE",
      "trainer_sight_or_berry_tree_id": "0",
      "script": "LilycoveCity_DepartmentStore_5F_EventScript_Woman",
      "flag": "0"
    }
  ],
  "warp_events": [
    {
      "x": 13,
      "y": 1,
      "elevation": 0,
      "dest_map": "MAP_LILYCOVE_CITY_DEPARTMENT_STORE_4F",
      "dest_warp_id": 1
    },
    {
      "x": 2,
      "y": 1,
      "elevation": 0,
      "dest_map": "MAP_LILYCOVE_CITY_DEPARTMENT_STORE_ELEVATOR",
      "dest_warp_id": 0
    },
    {
      "x": 16,
      "y": 1,
      "elevation": 0,
      "dest_map": "MAP_LILYCOVE_CITY_DEPARTMENT_STORE_ROOFTOP",
      "dest_warp_id": 0
    }
  ],
  "coord_events": [],
  "bg_events": []
}
