{
  "id": "MAP_DEWFORD_TOWN_HOUSE2",
  "name": "DewfordTown_House2",
  "layout": "LAYOUT_HOUSE4",
  "music": "MUS_HIGHTOWN",
  "region_map_section": "MAPSEC_DEWFORD_TOWN",
  "requires_flash": false,
  "weather": "WEATHER_NONE",
  "map_type": "MAP_TYPE_INDOOR",
  "allow_cycling": false,
  "allow_escaping": false,
  "allow_running": false,
  "show_map_name": false,
  "battle_scene": "MAP_BATTLE_SCENE_NORMAL",
  "connections": null,
  "object_events": [
    {
      "graphics_id": "OBJ_EVENT_GFX_MAN_3",
      "x": 6,
      "y": 5,
      "elevation": 3,
      "movement_type": "MOVEMENT_TYPE_FACE_RIGHT",
      "movement_range_x": 0,
      "movement_range_y": 0,
      "trainer_type": "TRAINER_TYPE_NONE",
      "trainer_sight_or_berry_tree_id": "0",
      "script": "DewfordTown_House2_EventScript_Man",
      "flag": "0"
    },
    {
      "graphics_id": "OBJ_EVENT_GFX_BOY_2",
      "x": 2,
      "y": 3,
      "elevation": 3,
      "movement_type": "MOVEMENT_TYPE_LOOK_AROUND",
      "movement_range_x": 0,
      "movement_range_y": 0,
      "trainer_type": "TRAINER_TYPE_NONE",
      "trainer_sight_or_berry_tree_id": "0",
      "script": "DewfordTown_House2_EventScript_Boy",
      "flag": "0"
    }
  ],
  "warp_events": [
    {
      "x": 3,
      "y": 8,
      "elevation": 0,
      "dest_map": "MAP_DEWFORD_TOWN",
      "dest_warp_id": 4
    },
    {
      "x": 4,
      "y": 8,
      "elevation": 0,
      "dest_map": "MAP_DEWFORD_TOWN",
      "dest_warp_id": 4
    }
  ],
  "coord_events": [],
  "bg_events": []
}
