{
  "id": "MAP_ROUTE110_TRICK_HOUSE_PUZZLE1",
  "name": "Route110_TrickHousePuzzle1",
  "layout": "LAYOUT_ROUTE110_TRICK_HOUSE_PUZZLE1",
  "music": "MUS_KARAKURI",
  "region_map_section": "MAPSEC_ROUTE_110",
  "requires_flash": false,
  "weather": "WEATHER_NONE",
  "map_type": "MAP_TYPE_INDOOR",
  "allow_cycling": false,
  "allow_escaping": false,
  "allow_running": false,
  "show_map_name": false,
  "battle_scene": "MAP_BATTLE_SCENE_NORMAL",
  "connections": null,
  "object_events": [
    {
      "graphics_id": "OBJ_EVENT_GFX_LASS",
      "x": 14,
      "y": 20,
      "elevation": 3,
      "movement_type": "MOVEMENT_TYPE_FACE_LEFT",
      "movement_range_x": 0,
      "movement_range_y": 0,
      "trainer_type": "TRAINER_TYPE_NORMAL",
      "trainer_sight_or_berry_tree_id": "6",
      "script": "Route110_TrickHousePuzzle1_EventScript_Sally",
      "flag": "0"
    },
    {
      "graphics_id": "OBJ_EVENT_GFX_YOUNGSTER",
      "x": 14,
      "y": 8,
      "elevation": 3,
      "movement_type": "MOVEMENT_TYPE_FACE_LEFT",
      "movement_range_x": 0,
      "movement_range_y": 0,
      "trainer_type": "TRAINER_TYPE_NORMAL",
      "trainer_sight_or_berry_tree_id": "2",
      "script": "Route110_TrickHousePuzzle1_EventScript_Eddie",
      "flag": "0"
    },
    {
      "graphics_id": "OBJ_EVENT_GFX_LASS",
      "x": 2,
      "y": 15,
      "elevation": 3,
      "movement_type": "MOVEMENT_TYPE_FACE_DOWN",
      "movement_range_x": 0,
      "movement_range_y": 0,
      "trainer_type": "TRAINER_TYPE_NORMAL",
      "trainer_sight_or_berry_tree_id": "2",
      "script": "Route110_TrickHousePuzzle1_EventScript_Robin",
      "flag": "0"
    },
    {
      "graphics_id": "OBJ_EVENT_GFX_CUTTABLE_TREE",
      "x": 11,
      "y": 16,
      "elevation": 3,
      "movement_type": "MOVEMENT_TYPE_LOOK_AROUND",
      "movement_range_x": 0,
      "movement_range_y": 0,
      "trainer_type": "TRAINER_TYPE_NONE",
      "trainer_sight_or_berry_tree_id": "0",
      "script": "EventScript_CutTree",
      "flag": "FLAG_TEMP_13"
    },
    {
      "graphics_id": "OBJ_EVENT_GFX_CUTTABLE_TREE",
      "x": 13,
      "y": 18,
      "elevation": 3,
      "movement_type": "MOVEMENT_TYPE_LOOK_AROUND",
      "movement_range_x": 0,
      "movement_range_y": 0,
      "trainer_type": "TRAINER_TYPE_NONE",
      "trainer_sight_or_berry_tree_id": "0",
      "script": "EventScript_CutTree",
      "flag": "FLAG_TEMP_12"
    },
    {
      "graphics_id": "OBJ_EVENT_GFX_CUTTABLE_TREE",
      "x": 14,
      "y": 14,
      "elevation": 3,
      "movement_type": "MOVEMENT_TYPE_LOOK_AROUND",
      "movement_range_x": 0,
      "movement_range_y": 0,
      "trainer_type": "TRAINER_TYPE_NONE",
      "trainer_sight_or_berry_tree_id": "0",
      "script": "EventScript_CutTree",
      "flag": "FLAG_TEMP_14"
    },
    {
      "graphics_id": "OBJ_EVENT_GFX_CUTTABLE_TREE",
      "x": 11,
      "y": 8,
      "elevation": 3,
      "movement_type": "MOVEMENT_TYPE_LOOK_AROUND",
      "movement_range_x": 0,
      "movement_range_y": 0,
      "trainer_type": "TRAINER_TYPE_NONE",
      "trainer_sight_or_berry_tree_id": "0",
      "script": "EventScript_CutTree",
      "flag": "FLAG_TEMP_17"
    },
    {
      "graphics_id": "OBJ_EVENT_GFX_CUTTABLE_TREE",
      "x": 8,
      "y": 10,
      "elevation": 3,
      "movement_type": "MOVEMENT_TYPE_LOOK_AROUND",
      "movement_range_x": 0,
      "movement_range_y": 0,
      "trainer_type": "TRAINER_TYPE_NONE",
      "trainer_sight_or_berry_tree_id": "0",
      "script": "EventScript_CutTree",
      "flag": "FLAG_TEMP_16"
    },
    {
      "graphics_id": "OBJ_EVENT_GFX_CUTTABLE_TREE",
      "x": 11,
      "y": 12,
      "elevation": 3,
      "movement_type": "MOVEMENT_TYPE_LOOK_AROUND",
      "movement_range_x": 0,
      "movement_range_y": 0,
      "trainer_type": "TRAINER_TYPE_NONE",
      "trainer_sight_or_berry_tree_id": "0",
      "script": "EventScript_CutTree",
      "flag": "FLAG_TEMP_15"
    },
    {
      "graphics_id": "OBJ_EVENT_GFX_CUTTABLE_TREE",
      "x": 2,
      "y": 4,
      "elevation": 3,
      "movement_type": "MOVEMENT_TYPE_LOOK_AROUND",
      "movement_range_x": 0,
      "movement_range_y": 0,
      "trainer_type": "TRAINER_TYPE_NONE",
      "trainer_sight_or_berry_tree_id": "0",
      "script": "EventScript_CutTree",
      "flag": "FLAG_TEMP_19"
    },
    {
      "graphics_id": "OBJ_EVENT_GFX_CUTTABLE_TREE",
      "x": 13,
      "y": 6,
      "elevation": 3,
      "movement_type": "MOVEMENT_TYPE_LOOK_AROUND",
      "movement_range_x": 0,
      "movement_range_y": 0,
      "trainer_type": "TRAINER_TYPE_NONE",
      "trainer_sight_or_berry_tree_id": "0",
      "script": "EventScript_CutTree",
      "flag": "FLAG_TEMP_18"
    },
    {
      "graphics_id": "OBJ_EVENT_GFX_CUTTABLE_TREE",
      "x": 0,
      "y": 6,
      "elevation": 3,
      "movement_type": "MOVEMENT_TYPE_LOOK_AROUND",
      "movement_range_x": 0,
      "movement_range_y": 0,
      "trainer_type": "TRAINER_TYPE_NONE",
      "trainer_sight_or_berry_tree_id": "0",
      "script": "EventScript_CutTree",
      "flag": "FLAG_TEMP_1B"
    },
    {
      "graphics_id": "OBJ_EVENT_GFX_ITEM_BALL",
      "x": 9,
      "y": 4,
      "elevation": 3,
      "movement_type": "MOVEMENT_TYPE_LOOK_AROUND",
      "movement_range_x": 0,
      "movement_range_y": 0,
      "trainer_type": "TRAINER_TYPE_NONE",
      "trainer_sight_or_berry_tree_id": "0",
      "script": "Route110_TrickHousePuzzle1_EventScript_ItemOrangeMail",
      "flag": "FLAG_ITEM_TRICK_HOUSE_PUZZLE_1_ORANGE_MAIL"
    },
    {
      "graphics_id": "OBJ_EVENT_GFX_CUTTABLE_TREE",
      "x": 4,
      "y": 8,
      "elevation": 3,
      "movement_type": "MOVEMENT_TYPE_LOOK_AROUND",
      "movement_range_x": 0,
      "movement_range_y": 0,
      "trainer_type": "TRAINER_TYPE_NONE",
      "trainer_sight_or_berry_tree_id": "0",
      "script": "EventScript_CutTree",
      "flag": "FLAG_TEMP_1C"
    },
    {
      "graphics_id": "OBJ_EVENT_GFX_CUTTABLE_TREE",
      "x": 2,
      "y": 12,
      "elevation": 3,
      "movement_type": "MOVEMENT_TYPE_LOOK_AROUND",
      "movement_range_x": 0,
      "movement_range_y": 0,
      "trainer_type": "TRAINER_TYPE_NONE",
      "trainer_sight_or_berry_tree_id": "0",
      "script": "EventScript_CutTree",
      "flag": "FLAG_TEMP_1E"
    }
  ],
  "warp_events": [
    {
      "x": 0,
      "y": 21,
      "elevation": 3,
      "dest_map": "MAP_ROUTE110_TRICK_HOUSE_ENTRANCE",
      "dest_warp_id": 2
    },
    {
      "x": 1,
      "y": 21,
      "elevation": 3,
      "dest_map": "MAP_ROUTE110_TRICK_HOUSE_ENTRANCE",
      "dest_warp_id": 2
    },
    {
      "x": 13,
      "y": 1,
      "elevation": 3,
      "dest_map": "MAP_ROUTE110_TRICK_HOUSE_END",
      "dest_warp_id": 0
    }
  ],
  "coord_events": [],
  "bg_events": [
    {
      "type": "sign",
      "x": 3,
      "y": 16,
      "elevation": 0,
      "player_facing_dir": "BG_EVENT_PLAYER_FACING_ANY",
      "script": "Route110_TrickHousePuzzle1_EventScript_Scroll"
    }
  ]
}
