{
  "id": "MAP_DEWFORD_TOWN_HOUSE1",
  "name": "DewfordTown_House1",
  "layout": "LAYOUT_HOUSE3",
  "music": "MUS_HIGHTOWN",
  "region_map_section": "MAPSEC_DEWFORD_TOWN",
  "requires_flash": false,
  "weather": "WEATHER_NONE",
  "map_type": "MAP_TYPE_INDOOR",
  "allow_cycling": false,
  "allow_escaping": false,
  "allow_running": false,
  "show_map_name": false,
  "battle_scene": "MAP_BATTLE_SCENE_NORMAL",
  "connections": null,
  "object_events": [
    {
      "graphics_id": "OBJ_EVENT_GFX_WOMAN_3",
      "x": 6,
      "y": 3,
      "elevation": 3,
      "movement_type": "MOVEMENT_TYPE_FACE_LEFT",
      "movement_range_x": 0,
      "movement_range_y": 0,
      "trainer_type": "TRAINER_TYPE_NONE",
      "trainer_sight_or_berry_tree_id": "0",
      "script": "DewfordTown_House1_EventScript_Woman",
      "flag": "0"
    },
    {
      "graphics_id": "OBJ_EVENT_GFX_MAN_1",
      "x": 3,
      "y": 3,
      "elevation": 3,
      "movement_type": "MOVEMENT_TYPE_FACE_RIGHT",
      "movement_range_x": 0,
      "movement_range_y": 0,
      "trainer_type": "TRAINER_TYPE_NONE",
      "trainer_sight_or_berry_tree_id": "0",
      "script": "DewfordTown_House1_EventScript_Man",
      "flag": "0"
    },
    {
      "graphics_id": "OBJ_EVENT_GFX_ZIGZAGOON_2",
      "x": 4,
      "y": 2,
      "elevation": 3,
      "movement_type": "MOVEMENT_TYPE_FACE_DOWN",
      "movement_range_x": 3,
      "movement_range_y": 1,
      "trainer_type": "TRAINER_TYPE_NONE",
      "trainer_sight_or_berry_tree_id": "0",
      "script": "DewfordTown_House1_EventScript_Zigzagoon",
      "flag": "0"
    }
  ],
  "warp_events": [
    {
      "x": 3,
      "y": 7,
      "elevation": 0,
      "dest_map": "MAP_DEWFORD_TOWN",
      "dest_warp_id": 3
    },
    {
      "x": 4,
      "y": 7,
      "elevation": 0,
      "dest_map": "MAP_DEWFORD_TOWN",
      "dest_warp_id": 3
    }
  ],
  "coord_events": [],
  "bg_events": []
}
