{
  "id": "MAP_AQUA_HIDEOUT_UNUSED_RUBY_MAP2",
  "name": "AquaHideout_UnusedRubyMap2",
  "layout": "LAYOUT_AQUA_HIDEOUT_UNUSED_RUBY_MAP2",
  "music": "MUS_AJITO",
  "region_map_section": "MAPSEC_AQUA_HIDEOUT",
  "requires_flash": false,
  "weather": "WEATHER_NONE",
  "map_type": "MAP_TYPE_UNDERGROUND",
  "allow_cycling": true,
  "allow_escaping": true,
  "allow_running": true,
  "show_map_name": true,
  "battle_scene": "MAP_BATTLE_SCENE_MAGMA",
  "connections": null,
  "object_events": [],
  "warp_events": [],
  "coord_events": [],
  "bg_events": []
}
