{
  "id": "MAP_PETALBURG_CITY_POKEMON_CENTER_2F",
  "name": "PetalburgCity_PokemonCenter_2F",
  "layout": "LAYOUT_POKEMON_CENTER_2F",
  "music": "MUS_POKECEN",
  "region_map_section": "MAPSEC_PETALBURG_CITY",
  "requires_flash": false,
  "weather": "WEATHER_NONE",
  "map_type": "MAP_TYPE_INDOOR",
  "allow_cycling": false,
  "allow_escaping": false,
  "allow_running": false,
  "show_map_name": false,
  "battle_scene": "MAP_BATTLE_SCENE_NORMAL",
  "connections": null,
  "object_events": [
    {
      "graphics_id": "OBJ_EVENT_GFX_TEALA",
      "x": 6,
      "y": 2,
      "elevation": 0,
      "movement_type": "MOVEMENT_TYPE_FACE_DOWN",
      "movement_range_x": 1,
      "movement_range_y": 1,
      "trainer_type": "TRAINER_TYPE_NONE",
      "trainer_sight_or_berry_tree_id": "0",
      "script": "Common_EventScript_UnionRoomAttendant",
      "flag": "0"
    },
    {
      "graphics_id": "OBJ_EVENT_GFX_TEALA",
      "x": 2,
      "y": 2,
      "elevation": 3,
      "movement_type": "MOVEMENT_TYPE_FACE_DOWN",
      "movement_range_x": 1,
      "movement_range_y": 1,
      "trainer_type": "TRAINER_TYPE_NONE",
      "trainer_sight_or_berry_tree_id": "0",
      "script": "Common_EventScript_WirelessClubAttendant",
      "flag": "0"
    },
    {
      "graphics_id": "OBJ_EVENT_GFX_TEALA",
      "x": 10,
      "y": 2,
      "elevation": 0,
      "movement_type": "MOVEMENT_TYPE_FACE_DOWN",
      "movement_range_x": 1,
      "movement_range_y": 1,
      "trainer_type": "TRAINER_TYPE_NONE",
      "trainer_sight_or_berry_tree_id": "0",
      "script": "Common_EventScript_DirectCornerAttendant",
      "flag": "0"
    },
    {
      "graphics_id": "OBJ_EVENT_GFX_MYSTERY_GIFT_MAN",
      "x": 1,
      "y": 2,
      "elevation": 0,
      "movement_type": "MOVEMENT_TYPE_FACE_DOWN",
      "movement_range_x": 1,
      "movement_range_y": 1,
      "trainer_type": "TRAINER_TYPE_NONE",
      "trainer_sight_or_berry_tree_id": "0",
      "script": "CableClub_EventScript_MysteryGiftMan",
      "flag": "FLAG_HIDE_POKEMON_CENTER_2F_MYSTERY_GIFT_MAN"
    }
  ],
  "warp_events": [
    {
      "x": 1,
      "y": 6,
      "elevation": 4,
      "dest_map": "MAP_PETALBURG_CITY_POKEMON_CENTER_1F",
      "dest_warp_id": 2
    },
    {
      "x": 5,
      "y": 1,
      "elevation": 3,
      "dest_map": "MAP_UNION_ROOM",
      "dest_warp_id": 0
    },
    {
      "x": 9,
      "y": 1,
      "elevation": 3,
      "dest_map": "MAP_TRADE_CENTER",
      "dest_warp_id": 0
    }
  ],
  "coord_events": [],
  "bg_events": []
}
