{
  "id": "MAP_BATTLE_COLOSSEUM_4P",
  "name": "BattleColosseum_4P",
  "layout": "LAYOUT_BATTLE_COLOSSEUM_4P",
  "music": "MUS_RAINBOW",
  "region_map_section": "MAPSEC_DYNAMIC",
  "requires_flash": false,
  "weather": "WEATHER_NONE",
  "map_type": "MAP_TYPE_INDOOR",
  "allow_cycling": false,
  "allow_escaping": false,
  "allow_running": false,
  "show_map_name": false,
  "battle_scene": "MAP_BATTLE_SCENE_FRONTIER",
  "connections": null,
  "object_events": [],
  "warp_events": [
    {
      "x": 5,
      "y": 8,
      "elevation": 3,
      "dest_map": "MAP_NONE",
      "dest_warp_id": 127
    },
    {
      "x": 6,
      "y": 8,
      "elevation": 3,
      "dest_map": "MAP_NONE",
      "dest_warp_id": 127
    },
    {
      "x": 7,
      "y": 8,
      "elevation": 3,
      "dest_map": "MAP_NONE",
      "dest_warp_id": 127
    },
    {
      "x": 8,
      "y": 8,
      "elevation": 3,
      "dest_map": "MAP_NONE",
      "dest_warp_id": 127
    }
  ],
  "coord_events": [
    {
      "type": "trigger",
      "x": 3,
      "y": 4,
      "elevation": 3,
      "var": "VAR_TEMP_0",
      "var_value": "0",
      "script": "EventScript_BattleColosseum_4P_PlayerSpot0"
    },
    {
      "type": "trigger",
      "x": 3,
      "y": 6,
      "elevation": 3,
      "var": "VAR_TEMP_0",
      "var_value": "0",
      "script": "EventScript_BattleColosseum_4P_PlayerSpot2"
    },
    {
      "type": "trigger",
      "x": 10,
      "y": 4,
      "elevation": 3,
      "var": "VAR_TEMP_0",
      "var_value": "0",
      "script": "EventScript_BattleColosseum_4P_PlayerSpot1"
    },
    {
      "type": "trigger",
      "x": 10,
      "y": 6,
      "elevation": 3,
      "var": "VAR_TEMP_0",
      "var_value": "0",
      "script": "EventScript_BattleColosseum_4P_PlayerSpot3"
    }
  ],
  "bg_events": []
}
