{
  "id": "MAP_MAUVILLE_CITY_GAME_CORNER",
  "name": "MauvilleCity_GameCorner",
  "layout": "LAYOUT_MAUVILLE_CITY_GAME_CORNER",
  "music": "MUS_CASINO",
  "region_map_section": "MAPSEC_MAUVILLE_CITY",
  "requires_flash": false,
  "weather": "WEATHER_NONE",
  "map_type": "MAP_TYPE_INDOOR",
  "allow_cycling": false,
  "allow_escaping": false,
  "allow_running": false,
  "show_map_name": false,
  "battle_scene": "MAP_BATTLE_SCENE_NORMAL",
  "connections": null,
  "object_events": [
    {
      "graphics_id": "OBJ_EVENT_GFX_WOMAN_2",
      "x": 12,
      "y": 7,
      "elevation": 3,
      "movement_type": "MOVEMENT_TYPE_FACE_DOWN",
      "movement_range_x": 0,
      "movement_range_y": 0,
      "trainer_type": "TRAINER_TYPE_NONE",
      "trainer_sight_or_berry_tree_id": "0",
      "script": "MauvilleCity_GameCorner_EventScript_Woman2",
      "flag": "0"
    },
    {
      "graphics_id": "OBJ_EVENT_GFX_GENTLEMAN",
      "x": 16,
      "y": 5,
      "elevation": 3,
      "movement_type": "MOVEMENT_TYPE_FACE_DOWN",
      "movement_range_x": 0,
      "movement_range_y": 0,
      "trainer_type": "TRAINER_TYPE_NONE",
      "trainer_sight_or_berry_tree_id": "0",
      "script": "MauvilleCity_GameCorner_EventScript_Gentleman",
      "flag": "0"
    },
    {
      "graphics_id": "OBJ_EVENT_GFX_BEAUTY",
      "x": 11,
      "y": 2,
      "elevation": 3,
      "movement_type": "MOVEMENT_TYPE_FACE_DOWN",
      "movement_range_x": 0,
      "movement_range_y": 0,
      "trainer_type": "TRAINER_TYPE_NONE",
      "trainer_sight_or_berry_tree_id": "0",
      "script": "MauvilleCity_GameCorner_EventScript_CoinsClerk",
      "flag": "0"
    },
    {
      "graphics_id": "OBJ_EVENT_GFX_BEAUTY",
      "x": 14,
      "y": 2,
      "elevation": 3,
      "movement_type": "MOVEMENT_TYPE_FACE_DOWN",
      "movement_range_x": 0,
      "movement_range_y": 0,
      "trainer_type": "TRAINER_TYPE_NONE",
      "trainer_sight_or_berry_tree_id": "0",
      "script": "MauvilleCity_GameCorner_EventScript_PrizeCornerDolls",
      "flag": "0"
    },
    {
      "graphics_id": "OBJ_EVENT_GFX_GIRL_2",
      "x": 7,
      "y": 3,
      "elevation": 3,
      "movement_type": "MOVEMENT_TYPE_FACE_DOWN",
      "movement_range_x": 0,
      "movement_range_y": 0,
      "trainer_type": "TRAINER_TYPE_NONE",
      "trainer_sight_or_berry_tree_id": "0",
      "script": "MauvilleCity_GameCorner_EventScript_Girl",
      "flag": "0"
    },
    {
      "graphics_id": "OBJ_EVENT_GFX_POKEFAN_M",
      "x": 19,
      "y": 4,
      "elevation": 3,
      "movement_type": "MOVEMENT_TYPE_FACE_DOWN",
      "movement_range_x": 0,
      "movement_range_y": 0,
      "trainer_type": "TRAINER_TYPE_NONE",
      "trainer_sight_or_berry_tree_id": "0",
      "script": "MauvilleCity_GameCorner_EventScript_PokefanM",
      "flag": "0"
    },
    {
      "graphics_id": "OBJ_EVENT_GFX_OLD_MAN",
      "x": 20,
      "y": 8,
      "elevation": 3,
      "movement_type": "MOVEMENT_TYPE_FACE_LEFT",
      "movement_range_x": 0,
      "movement_range_y": 0,
      "trainer_type": "TRAINER_TYPE_NONE",
      "trainer_sight_or_berry_tree_id": "0",
      "script": "MauvilleCity_GameCorner_EventScript_OldMan",
      "flag": "0"
    },
    {
      "graphics_id": "OBJ_EVENT_GFX_COOK",
      "x": 6,
      "y": 8,
      "elevation": 3,
      "movement_type": "MOVEMENT_TYPE_FACE_RIGHT",
      "movement_range_x": 0,
      "movement_range_y": 0,
      "trainer_type": "TRAINER_TYPE_NONE",
      "trainer_sight_or_berry_tree_id": "0",
      "script": "MauvilleCity_GameCorner_EventScript_Cook",
      "flag": "0"
    },
    {
      "graphics_id": "OBJ_EVENT_GFX_BEAUTY",
      "x": 13,
      "y": 2,
      "elevation": 3,
      "movement_type": "MOVEMENT_TYPE_FACE_DOWN",
      "movement_range_x": 1,
      "movement_range_y": 1,
      "trainer_type": "TRAINER_TYPE_NONE",
      "trainer_sight_or_berry_tree_id": "0",
      "script": "MauvilleCity_GameCorner_EventScript_PrizeCornerTMs",
      "flag": "0"
    },
    {
      "graphics_id": "OBJ_EVENT_GFX_MAN_3",
      "x": 1,
      "y": 7,
      "elevation": 3,
      "movement_type": "MOVEMENT_TYPE_FACE_RIGHT",
      "movement_range_x": 1,
      "movement_range_y": 1,
      "trainer_type": "TRAINER_TYPE_NONE",
      "trainer_sight_or_berry_tree_id": "0",
      "script": "MauvilleCity_GameCorner_EventScript_Man",
      "flag": "0"
    },
    {
      "graphics_id": "OBJ_EVENT_GFX_MANIAC",
      "x": 9,
      "y": 8,
      "elevation": 3,
      "movement_type": "MOVEMENT_TYPE_FACE_LEFT",
      "movement_range_x": 1,
      "movement_range_y": 1,
      "trainer_type": "TRAINER_TYPE_NONE",
      "trainer_sight_or_berry_tree_id": "0",
      "script": "MauvilleCity_GameCorner_EventScript_Maniac",
      "flag": "0"
    },
    {
      "graphics_id": "OBJ_EVENT_GFX_WOMAN_5",
      "x": 4,
      "y": 6,
      "elevation": 3,
      "movement_type": "MOVEMENT_TYPE_FACE_LEFT",
      "movement_range_x": 1,
      "movement_range_y": 1,
      "trainer_type": "TRAINER_TYPE_NONE",
      "trainer_sight_or_berry_tree_id": "0",
      "script": "MauvilleCity_GameCorner_EventScript_Woman",
      "flag": "0"
    }
  ],
  "warp_events": [
    {
      "x": 11,
      "y": 10,
      "elevation": 3,
      "dest_map": "MAP_MAUVILLE_CITY",
      "dest_warp_id": 5
    },
    {
      "x": 12,
      "y": 10,
      "elevation": 3,
      "dest_map": "MAP_MAUVILLE_CITY",
      "dest_warp_id": 5
    }
  ],
  "coord_events": [],
  "bg_events": [
    {
      "type": "sign",
      "x": 2,
      "y": 6,
      "elevation": 0,
      "player_facing_dir": "BG_EVENT_PLAYER_FACING_EAST",
      "script": "MauvilleCity_GameCorner_EventScript_SlotMachine0"
    },
    {
      "type": "sign",
      "x": 2,
      "y": 8,
      "elevation": 0,
      "player_facing_dir": "BG_EVENT_PLAYER_FACING_EAST",
      "script": "MauvilleCity_GameCorner_EventScript_SlotMachine1"
    },
    {
      "type": "sign",
      "x": 2,
      "y": 9,
      "elevation": 0,
      "player_facing_dir": "BG_EVENT_PLAYER_FACING_EAST",
      "script": "MauvilleCity_GameCorner_EventScript_SlotMachine2"
    },
    {
      "type": "sign",
      "x": 3,
      "y": 7,
      "elevation": 0,
      "player_facing_dir": "BG_EVENT_PLAYER_FACING_WEST",
      "script": "MauvilleCity_GameCorner_EventScript_SlotMachine3"
    },
    {
      "type": "sign",
      "x": 3,
      "y": 8,
      "elevation": 0,
      "player_facing_dir": "BG_EVENT_PLAYER_FACING_WEST",
      "script": "MauvilleCity_GameCorner_EventScript_SlotMachine4"
    },
    {
      "type": "sign",
      "x": 3,
      "y": 9,
      "elevation": 0,
      "player_facing_dir": "BG_EVENT_PLAYER_FACING_WEST",
      "script": "MauvilleCity_GameCorner_EventScript_SlotMachine5"
    },
    {
      "type": "sign",
      "x": 7,
      "y": 6,
      "elevation": 0,
      "player_facing_dir": "BG_EVENT_PLAYER_FACING_EAST",
      "script": "MauvilleCity_GameCorner_EventScript_SlotMachine6"
    },
    {
      "type": "sign",
      "x": 7,
      "y": 7,
      "elevation": 0,
      "player_facing_dir": "BG_EVENT_PLAYER_FACING_EAST",
      "script": "MauvilleCity_GameCorner_EventScript_SlotMachine7"
    },
    {
      "type": "sign",
      "x": 7,
      "y": 9,
      "elevation": 0,
      "player_facing_dir": "BG_EVENT_PLAYER_FACING_EAST",
      "script": "MauvilleCity_GameCorner_EventScript_SlotMachine8"
    },
    {
      "type": "sign",
      "x": 8,
      "y": 6,
      "elevation": 0,
      "player_facing_dir": "BG_EVENT_PLAYER_FACING_WEST",
      "script": "MauvilleCity_GameCorner_EventScript_SlotMachine9"
    },
    {
      "type": "sign",
      "x": 8,
      "y": 7,
      "elevation": 0,
      "player_facing_dir": "BG_EVENT_PLAYER_FACING_WEST",
      "script": "MauvilleCity_GameCorner_EventScript_SlotMachine10"
    },
    {
      "type": "sign",
      "x": 8,
      "y": 9,
      "elevation": 0,
      "player_facing_dir": "BG_EVENT_PLAYER_FACING_WEST",
      "script": "MauvilleCity_GameCorner_EventScript_SlotMachine11"
    },
    {
      "type": "sign",
      "x": 14,
      "y": 6,
      "elevation": 0,
      "player_facing_dir": "BG_EVENT_PLAYER_FACING_ANY",
      "script": "Roulette_EventScript_Table1"
    },
    {
      "type": "sign",
      "x": 15,
      "y": 6,
      "elevation": 0,
      "player_facing_dir": "BG_EVENT_PLAYER_FACING_ANY",
      "script": "Roulette_EventScript_Table1"
    },
    {
      "type": "sign",
      "x": 14,
      "y": 7,
      "elevation": 0,
      "player_facing_dir": "BG_EVENT_PLAYER_FACING_ANY",
      "script": "Roulette_EventScript_Table1"
    },
    {
      "type": "sign",
      "x": 15,
      "y": 7,
      "elevation": 0,
      "player_facing_dir": "BG_EVENT_PLAYER_FACING_ANY",
      "script": "Roulette_EventScript_Table1"
    },
    {
      "type": "sign",
      "x": 14,
      "y": 8,
      "elevation": 0,
      "player_facing_dir": "BG_EVENT_PLAYER_FACING_ANY",
      "script": "Roulette_EventScript_Table1"
    },
    {
      "type": "sign",
      "x": 15,
      "y": 8,
      "elevation": 0,
      "player_facing_dir": "BG_EVENT_PLAYER_FACING_ANY",
      "script": "Roulette_EventScript_Table1"
    },
    {
      "type": "sign",
      "x": 18,
      "y": 6,
      "elevation": 0,
      "player_facing_dir": "BG_EVENT_PLAYER_FACING_ANY",
      "script": "Roulette_EventScript_Table2"
    },
    {
      "type": "sign",
      "x": 19,
      "y": 6,
      "elevation": 0,
      "player_facing_dir": "BG_EVENT_PLAYER_FACING_ANY",
      "script": "Roulette_EventScript_Table2"
    },
    {
      "type": "sign",
      "x": 18,
      "y": 7,
      "elevation": 0,
      "player_facing_dir": "BG_EVENT_PLAYER_FACING_ANY",
      "script": "Roulette_EventScript_Table2"
    },
    {
      "type": "sign",
      "x": 19,
      "y": 7,
      "elevation": 0,
      "player_facing_dir": "BG_EVENT_PLAYER_FACING_ANY",
      "script": "Roulette_EventScript_Table2"
    },
    {
      "type": "sign",
      "x": 18,
      "y": 8,
      "elevation": 0,
      "player_facing_dir": "BG_EVENT_PLAYER_FACING_ANY",
      "script": "Roulette_EventScript_Table2"
    },
    {
      "type": "sign",
      "x": 19,
      "y": 8,
      "elevation": 0,
      "player_facing_dir": "BG_EVENT_PLAYER_FACING_ANY",
      "script": "Roulette_EventScript_Table2"
    }
  ]
}
